"trt","risk_mean"
"E",0.383141463414634
"E-O",0.331560533315218
"E-P",0.249190284719029
"E-Q",0.231379977639683
"G",0.216117745840253
"PMHP4",0.360352287955805
