"trt","risk_mean"
"A",0.331494362855683
"A-G",0.406190999274997
"AUTONONAME3",0.276911427164005
"BOVA4PRE",0.335250062054665
"H",0.382338500324402
"I",0.282732089203367
"L",0.0354672439176758
"M",0.281459353727047
"NAC",0.370415616588662
"O",0.468807005219932
"P",0.380851825904515
"PRESBOV",0.464949335181834
"Q",0.380851825904515
"R",0.451172550818093
"T",0.274515052365732
"Y",0.291247238196449
"Z",0.435060331485876
